Title,company,link
"
Senior Backend Engineer ","Tessian
                ",https://stackoverflow.com/jobs/475363/senior-backend-engineer-tessian?a=2zqam4cucK7m&so=i&pg=1&offset=0&total=66&so_medium=Internal&so_source=JobSearch&q=python&r=true
"
Python/Javascript Engineer ","Memri B.V
                ",https://stackoverflow.com/jobs/495079/python-javascript-engineer-memri-bv?a=2G27eXW0Op2M&so=i&pg=1&offset=1&total=66&so_medium=Internal&so_source=JobSearch&q=python&r=true
"
Back End Engineer - (Python, Node) ","Modus Create
                ",https://stackoverflow.com/jobs/496836/back-end-engineer-python-node-modus-create?a=2GCEi91MriTu&so=i&pg=1&offset=2&total=66&so_medium=Internal&so_source=JobSearch&q=python&r=true
"
Software Engineer - Python ","Canonical
                ",https://stackoverflow.com/jobs/451978/software-engineer-python-canonical?a=2rzVe13m4wXm&so=i&pg=1&offset=3&total=66&so_medium=Internal&so_source=JobSearch&q=python&r=true
"
Big Data Python/Java Developer ","Boyle Software
                ",https://stackoverflow.com/jobs/158726/big-data-python-java-developer-boyle-software?a=Ren74BhnfmU&so=i&pg=1&offset=4&total=66&so_medium=Internal&so_source=JobSearch&q=python&r=true
"
Open Source Developer & DevOps (Python, Django, AWS, OpenStack) ","OpenCraft
                ",https://stackoverflow.com/jobs/453430/open-source-developer-devops-python-django-opencraft?a=2s475d4WIn4I&so=i&pg=1&offset=5&total=66&so_medium=Internal&so_source=JobSearch&q=python&r=true
"
Senior Python/C++ Engineer (Remote) ","X-Team
                ",https://stackoverflow.com/jobs/497852/senior-python-c-plus-plus-engineer-remote-x-team?a=2GXM4OeG8IWA&so=i&pg=1&offset=6&total=66&so_medium=Internal&so_source=JobSearch&q=python&r=true
"
Data Science (Python/Pandas/Jupyter) Engineer ","Hummingbot
                ",https://stackoverflow.com/jobs/488299/data-science-python-pandas-jupyter-engineer-hummingbot?a=2DL8KlIqZ89W&so=i&pg=1&offset=7&total=66&so_medium=Internal&so_source=JobSearch&q=python&r=true
"
Senior Python Dev for Open Source Dev Tools ","Iterative, Inc
                ",https://stackoverflow.com/jobs/446359/senior-python-dev-for-open-source-dev-tools-iterative-inc?a=2pH5rB8J8qCk&so=i&pg=1&offset=8&total=66&so_medium=Internal&so_source=JobSearch&q=python&r=true
"
Senior Backend Engineer (x/f/m) ","Wonder
                ",https://stackoverflow.com/jobs/481173/senior-backend-engineer-x-f-m-wonder?a=2BmYcHUBQNEs&so=i&pg=1&offset=9&total=66&so_medium=Internal&so_source=JobSearch&q=python&r=true
"
Backend Engineer ","Tidepool
                ",https://stackoverflow.com/jobs/490522/backend-engineer-tidepool?a=2EvmxTn2LzyM&so=i&pg=1&offset=10&total=66&so_medium=Internal&so_source=JobSearch&q=python&r=true
"
QA Software Engineer (Frontend or Backend) ","Decodify.me LLC
                ",https://stackoverflow.com/jobs/497602/qa-software-engineer-frontend-or-backend-decodifyme-llc?a=2GSzMR26I3gk&so=i&pg=1&offset=11&total=66&so_medium=Internal&so_source=JobSearch&q=python&r=true
"
Senior Platform Engineer ","Tessian
                ",https://stackoverflow.com/jobs/475365/senior-platform-engineer-tessian?a=2zqcVVfyX5fy&so=i&pg=1&offset=12&total=66&so_medium=Internal&so_source=JobSearch&q=python&r=true
"
Software Engineer ","Canonical
                ",https://stackoverflow.com/jobs/453717/software-engineer-canonical?a=2sa54uHqYmjK&so=i&pg=1&offset=13&total=66&so_medium=Internal&so_source=JobSearch&q=python&r=true
"
Senior Platform Software Engineer - Data Streams(Flink, Kafka, Beam, Kubernetes) ","Yelp
                ",https://stackoverflow.com/jobs/488024/senior-platform-software-engineer-data-yelp?a=2DFqecopdbUs&so=i&pg=1&offset=14&total=66&so_medium=Internal&so_source=JobSearch&q=python&r=true
"
Senior Full Stack Engineer with a love for React, Node & Typescript REMOTE ","EverReal GmbH
                ",https://stackoverflow.com/jobs/457385/senior-full-stack-engineer-with-a-love-for-react-everreal-gmbh?a=2tolHJHRMrL2&so=i&pg=1&offset=15&total=66&so_medium=Internal&so_source=JobSearch&q=python&r=true
"
CTO (x/f/m) ","Wonder
                ",https://stackoverflow.com/jobs/481175/cto-x-f-m-wonder?a=2Bn0MyXGB8OI&so=i&pg=1&offset=16&total=66&so_medium=Internal&so_source=JobSearch&q=python&r=true
"
Senior Frontend Engineer (x/f/m) ","Wonder
                ",https://stackoverflow.com/jobs/481172/senior-frontend-engineer-x-f-m-wonder?a=2BmWUMo4tD4k&so=i&pg=1&offset=17&total=66&so_medium=Internal&so_source=JobSearch&q=python&r=true
"
Join G2i as a 100% Remote React Engineer (Native or Web) | Fully Remote Position ","G2i Inc
                ",https://stackoverflow.com/jobs/229077/join-g2i-as-a-100-remote-react-engineer-native-g2i-inc?a=1ePax78UkKFW&so=i&pg=1&offset=18&total=66&so_medium=Internal&so_source=JobSearch&q=python&r=true
"
Backend Engineer ","Tessian
                ",https://stackoverflow.com/jobs/475360/backend-engineer-tessian?a=2zq6uhCS5ekU&so=i&pg=1&offset=19&total=66&so_medium=Internal&so_source=JobSearch&q=python&r=true
"
Senior C++ Developer - Media Streaming for Hollywood ","Evercast
                ",https://stackoverflow.com/jobs/446770/senior-c-plus-plus-developer-media-streaming-for-evercast?a=2pPDhVPXJA7m&so=i&pg=1&offset=20&total=66&so_medium=Internal&so_source=JobSearch&q=python&r=true
"
Engineering Manager (x/f/m) ","Wonder
                ",https://stackoverflow.com/jobs/481171/engineering-manager-x-f-m-wonder?a=2BmVCQRx6suc&so=i&pg=1&offset=21&total=66&so_medium=Internal&so_source=JobSearch&q=python&r=true
"
Frontend Engineer ","Tessian
                ",https://stackoverflow.com/jobs/475359/frontend-engineer-tessian?a=2zq5cm6kI3KM&so=i&pg=1&offset=22&total=66&so_medium=Internal&so_source=JobSearch&q=python&r=true
"
Senior WebRTC Engineer (x/f/m) ","Wonder
                ",https://stackoverflow.com/jobs/481174/senior-webrtc-engineer-x-f-m-wonder?a=2BmZuDr9dYeA&so=i&pg=1&offset=23&total=66&so_medium=Internal&so_source=JobSearch&q=python&r=true
"
Ubuntu Server Software Engineer ","Canonical
                ",https://stackoverflow.com/jobs/453719/ubuntu-server-software-engineer-canonical?a=2sa7ElKvIHu0&so=i&pg=1&offset=24&total=66&so_medium=Internal&so_source=JobSearch&q=python&r=true
NewView Company ProfileTop Remote CompanyCVEDIASenior Python and Machine Learning Engineer - Remote - EU Time ZonefeaturedFull-Time/Europe Only,CVEDIA,https://weworkremotely.com/remote-jobs/cvedia-senior-python-and-machine-learning-engineer-remote-eu-time-zone
View Company ProfileEveryoneSocialSr. Python EngineerJan 26Full-Time/Anywhere (100% Remote) Only,EveryoneSocial,https://weworkremotely.com/remote-jobs/everyonesocial-sr-python-engineer
View Company ProfileCazanaPrinciple Backend Engineer (Python) - 100% RemoteJan 22Full-Time/Anywhere (100% Remote) Only,Cazana,https://weworkremotely.com/remote-jobs/cazana-principle-backend-engineer-python-100-remote
View Company ProfileDataKitchenSenior Python EngineerJan 10Full-Time/Anywhere (100% Remote) Only,DataKitchen,https://weworkremotely.com/remote-jobs/datakitchen-senior-python-engineer
"View Company ProfileTop Remote CompanyOpenCraftOpen Source Developer & DevOps (Python, Django, React, AWS/OpenStack)Jan 9Full-Time/Anywhere (100% Remote) Only",OpenCraft,https://weworkremotely.com/remote-jobs/opencraft-open-source-developer-devops-python-django-react-aws-openstack
NewOptimile(Senior) Python Full Stack Software DeveloperFeb 6Full-Time/Europe Only,Optimile,https://weworkremotely.com/remote-jobs/optimile-senior-python-full-stack-software-developer
View Company ProfileTop Remote CompanyX-TeamPython Developer / Data Engineer (SQL) (U.S. Based)Jan 30Full-Time/USA Only,X-Team,https://weworkremotely.com/remote-jobs/x-team-python-developer-data-engineer-sql-u-s-based
NewView Company ProfileBubblingPython Full Stack Software Developer (senior) - remoteJan 24Full-Time/Anywhere (100% Remote) Only,Bubbling,https://weworkremotely.com/remote-jobs/bubbling-python-full-stack-software-developer-senior-remote-1
NewView Company ProfileTop Remote CompanyX-TeamPython Developer/ML/Data Engineer (U.S. Only)Jan 23Full-Time/USA Only,X-Team,https://weworkremotely.com/remote-jobs/x-team-python-developer-ml-data-engineer-u-s-only
NewUnhaggle Inc.Full Stack Developer (Python & Vue.js)Jan 19Full-Time/North America Only,Unhaggle Inc.,https://weworkremotely.com/remote-jobs/unhaggle-inc-full-stack-developer-python-vue-js-2
View Company ProfileTop Remote CompanyX-TeamSenior Python/C++ EngineerJan 14Full-Time/Anywhere (100% Remote) Only,X-Team,https://weworkremotely.com/remote-jobs/x-team-senior-python-c-engineer
Raise.devPython Developer CoachJan 12Contract/Anywhere (100% Remote) Only,Raise.dev,https://weworkremotely.com/remote-jobs/raise-dev-python-developer-coach
View Company ProfileWashington AbstractFounding Lead Backend Engineer - PythonJan 10Full-Time/USA Only,Washington Abstract,https://weworkremotely.com/remote-jobs/washington-abstract-founding-lead-backend-engineer-python
PortalEngineering Leadüåè Worldwide,Portal,https://remoteok.io/remote-jobs/101834-remote-engineering-lead-portal
DataKitchenManager Toolchain Software Engineering verifiedüåè Worldwide,DataKitchen,https://remoteok.io/remote-jobs/101765-remote-manager-toolchain-software-engineering-datakitchen
KontistDevOps Engineer verifiedüá™üá∫ EU-only,Kontist,https://remoteok.io/remote-jobs/101122-remote-devops-engineer-kontist
KontistData Engineer DataOps verifiedüá™üá∫ EU-only,Kontist,https://remoteok.io/remote-jobs/101120-remote-data-engineer-dataops-kontist
Culture BiosciencesSenior Frontend Engineer verifiedüá∫üá∏ US-only,Culture Biosciences,https://remoteok.io/remote-jobs/101731-remote-senior-frontend-engineer-culture-biosciences
2amigos! Consulting Group¬†Python Engineer,2amigos! Consulting Group,https://remoteok.io/remote-jobs/101704-remote-python-engineer-2amigos-consulting-group
"Argyle¬†Senior Backend Software Engineers verifiedEurope, South America, New Zealand, Australia, United States",Argyle,https://remoteok.io/remote-jobs/101553-remote-senior-backend-software-engineers-argyle
"Remotesome¬†Backend EngineerLatam, United States, Canada and Europe",Remotesome,https://remoteok.io/remote-jobs/101520-remote-backend-engineer-remotesome
"Argyle¬†Technical Support Manager verifiedUnited States, Canada",Argyle,https://remoteok.io/remote-jobs/101510-remote-technical-support-manager-argyle
"Muck RackSenior Software EngineerUnited States, Canada, Poland, Bulgaria ",Muck Rack,https://remoteok.io/remote-jobs/101485-remote-senior-software-engineer-muck-rack
Platform.sh¬†Customer Support Engineerüåè Worldwide,Platform.sh,https://remoteok.io/remote-jobs/101477-remote-customer-support-engineer-platform-sh
ZibaSecSenior Python Django Developer verified closedüá∫üá∏ US-only,ZibaSec,https://remoteok.io/remote-jobs/101445-remote-senior-python-django-developer-zibasec
"Muck RackSenior Software EngineerUnited States, Canada, Poland, Bulgaria",Muck Rack,https://remoteok.io/remote-jobs/101377-remote-senior-software-engineer-muck-rack
ZibaSecAWS Focused Site Reliability Engineer verified closedüá∫üá∏ US-only,ZibaSec,https://remoteok.io/remote-jobs/101326-remote-aws-focused-site-reliability-engineer-zibasec
Bloom Credit¬†Backend Engineerüá∫üá∏ US-only,Bloom Credit,https://remoteok.io/remote-jobs/100939-remote-backend-engineer-bloom-credit
"ArgyleSoftware Engineer verifiedEurope, South America",Argyle,https://remoteok.io/remote-jobs/100929-remote-software-engineer-argyle
IterativeSenior Software Engineer verifiedüåè Worldwide,Iterative,https://remoteok.io/remote-jobs/99244-remote-senior-software-engineer-iterative
Ambient InnovationSenior Python Developer,Ambient Innovation,https://remoteok.io/remote-jobs/101685-remote-senior-python-developer-ambient-innovation
Geomagical Labs¬†Python Backend Lead Engineer,Geomagical Labs,https://remoteok.io/remote-jobs/101624-remote-python-backend-lead-engineer-geomagical-labs
AdministrateSenior Software Engineer closedüåè Worldwide,Administrate,https://remoteok.io/remote-jobs/101155-remote-senior-software-engineer-administrate
WelcomeSenior Software Engineer closedüá∫üá∏ US-only,Welcome,https://remoteok.io/remote-jobs/101139-remote-senior-software-engineer-welcome
The Linux FoundationDevOps Software Engineer closedüåè Worldwide,The Linux Foundation,https://remoteok.io/remote-jobs/100705-remote-devops-software-engineer-the-linux-foundation
DataKitchenSenior Python Engineer verified closedGmt+1 to Gmt-8,DataKitchen,https://remoteok.io/remote-jobs/100682-remote-senior-python-engineer-datakitchen
"Ampcontrol.ioSoftware Engineer closedUnited States, Canada, North America, EU",Ampcontrol.io,https://remoteok.io/remote-jobs/100578-remote-software-engineer-ampcontrol-io
HelloMaaSFull Stack Developer verified closedüåè Worldwide,HelloMaaS,https://remoteok.io/remote-jobs/100554-remote-full-stack-developer-hellomaas
LearnCubeWeb Developer verified closedüåè Worldwide,LearnCube,https://remoteok.io/remote-jobs/100457-remote-web-developer-learncube
"NannyMLSenior Software Engineer verified closedEurope, Africa or the Middle East (Utc-2 to Utc+3)",NannyML,https://remoteok.io/remote-jobs/100441-remote-senior-software-engineer-nannyml
Earning TogetherFull Stack Developer closedAmericas Timezone,Earning Together,https://remoteok.io/remote-jobs/100005-remote-full-stack-developer-earning-together
Intent TechnologiesPython Engineer closedEu-Only,Intent Technologies,https://remoteok.io/remote-jobs/100003-remote-python-engineer-intent-technologies
Prominent EdgeLead DevOps Engineer verified closedüá∫üá∏ US-only,Prominent Edge,https://remoteok.io/remote-jobs/99919-remote-lead-devops-engineer-prominent-edge
ToptalSenior Developer verified closedüåè Worldwide,Toptal,https://remoteok.io/remote-jobs/99898-remote-senior-developer-toptal
Clarity Movement Co.Senior Backend Developer closedüåè Worldwide,Clarity Movement Co.,https://remoteok.io/remote-jobs/99896-remote-senior-backend-developer-clarity-movement-co
komootBackend Developer Data Scientist verified closedüá™üá∫ EU-only,komoot,https://remoteok.io/remote-jobs/99798-remote-backend-developer-data-scientist-komoot
PolySwarmSenior Front End Developer verified closedüåè Worldwide,PolySwarm,https://remoteok.io/remote-jobs/99794-remote-senior-front-end-developer-polyswarm
JetBridgeSenior Software Engineer verified closedNorth America and Eu-Time Zones Only,JetBridge,https://remoteok.io/remote-jobs/99792-remote-senior-software-engineer-jetbridge
Very LLCSr Software Engineer React React Native closedContinental US,Very LLC,https://remoteok.io/remote-jobs/99730-remote-sr-software-engineer-react-react-native-very-llc
GooseChaseSenior Full Stack Engineer verified closedAmericas Timezone,GooseChase,https://remoteok.io/remote-jobs/99701-remote-senior-full-stack-engineer-goosechase
Blok PartySenior Android Engineer closedüá∫üá∏ US-only,Blok Party,https://remoteok.io/remote-jobs/99567-remote-senior-android-engineer-blok-party
InReach Ventures¬†Back end Developer verified closedUK or Italy,InReach Ventures,https://remoteok.io/remote-jobs/99530-remote-back-end-developer-inreach-ventures
Doximity¬†Senior Data Engineer verified closedNorth America,Doximity,https://remoteok.io/remote-jobs/99491-remote-senior-data-engineer-doximity
Doximity¬†Senior Data Engineer Manager verified closedNorth America,Doximity,https://remoteok.io/remote-jobs/99489-remote-senior-data-engineer-manager-doximity
Beyond Pricing¬†Senior Front End Engineer verified closedüá™üá∫ EU-only,Beyond Pricing,https://remoteok.io/remote-jobs/99453-remote-senior-front-end-engineer-beyond-pricing
Beyond Pricing¬†Senior Back End Engineer verified closedüá™üá∫ EU-only,Beyond Pricing,https://remoteok.io/remote-jobs/99409-remote-senior-back-end-engineer-beyond-pricing
"Muck Rack¬†Senior Software Engineer closedUnited States, Canada, Poland, Bulgaria",Muck Rack,https://remoteok.io/remote-jobs/99378-remote-senior-software-engineer-muck-rack
Netdata Inc¬†Senior Site Reliability closedüåè Worldwide,Netdata Inc,https://remoteok.io/remote-jobs/99260-remote-senior-site-reliability-netdata-inc
Netdata Inc¬†Senior Software Engineer closedüåè Worldwide,Netdata Inc,https://remoteok.io/remote-jobs/99258-remote-senior-software-engineer-netdata-inc
SimplewebLead back end developer verified closedUK,Simpleweb,https://remoteok.io/remote-jobs/99178-remote-lead-back-end-developer-simpleweb
Coconut ¬†Full Stack Developer closedUnited Kingdom,Coconut ,https://remoteok.io/remote-jobs/99168-remote-full-stack-developer-coconut
ToptalFreelance Backend Developer verified closedüåè Worldwide,Toptal,https://remoteok.io/remote-jobs/99118-remote-freelance-backend-developer-remote-toptal
Pupil LabsSenior Backend Dev DevOps verified closedüåè Worldwide,Pupil Labs,https://remoteok.io/remote-jobs/98830-remote-senior-backend-dev-python-devops-pupil-labs
PetalSenior Full Stack Engineer closedüá∫üá∏ US-only,Petal,https://remoteok.io/remote-jobs/98453-remote-senior-full-stack-engineer-petal
dploy.aiGolang engineer closedBelgium,dploy.ai,https://remoteok.io/remote-jobs/98087-remote-golang-engineer-dploy-ai
Sporty Business Intelligence Data Analyst verified closedüåè Worldwide,Sporty ,https://remoteok.io/remote-jobs/97431-remote-business-intelligence-data-analyst-sporty
Prominent EdgeLead Full Stack Software Engineer verified closedüá∫üá∏ US-only,Prominent Edge,https://remoteok.io/remote-jobs/97397-remote-lead-full-stack-software-engineer-prominent-edge
FjelltoppFull Stack Python JS Developer verified closedüåè Worldwide,Fjelltopp,https://remoteok.io/remote-jobs/97053-remote-full-stack-python-js-developer-fjelltopp
KinderListPython Engineer verified closedüåè Worldwide,KinderList,https://remoteok.io/remote-jobs/97021-remote-python-engineer-kinderlist
WP MediaPython Django Software Engineer verified closedüåè Worldwide,WP Media,https://remoteok.io/remote-jobs/96938-remote-python-django-software-engineer-wp-media
Apartment Therapy MediaSenior Python Full Stack Engineer closedüá∫üá∏ US-only,Apartment Therapy Media,https://remoteok.io/remote-jobs/96928-remote-senior-python-full-stack-engineer-apartment-therapy-media
DoximitySoftware Engineer Security verified closedNorth America,Doximity,https://remoteok.io/remote-jobs/86398-remote-software-engineer-security-doximity
MainvestDjango Developer verified closedüá∫üá∏ US-only,Mainvest,https://remoteok.io/remote-jobs/86390-remote-django-developer-mainvest
RebelMouseSenior Fullstack Engineer Ôæâ* „ÉªÔæüÔøΩ verified closedüåè Worldwide,RebelMouse,https://remoteok.io/remote-jobs/86299-remote-senior-fullstack-engineer-rebelmouse
"PrintWithMe, Inc.Software Engineer closedüá∫üá∏ US-only","PrintWithMe, Inc.",https://remoteok.io/remote-jobs/86265-remote-software-engineer-printwithme-inc
Backtracks.fmPython Developer closedüåè Worldwide,Backtracks.fm,https://remoteok.io/remote-jobs/86257-remote-python-developer-backtracks-fm
Simple PollSoftware Engineer verified closedüåè Worldwide,Simple Poll,https://remoteok.io/remote-jobs/85261-remote-software-engineer-full-stack-simple-poll
Toptal¬†Freelance Python Developer verified closedüåè Worldwide,Toptal,https://remoteok.io/remote-jobs/85053-remote-freelance-python-developer-remote-toptal
WP Media¬†DevOps Python Django SaaS Developer verified closedüåè Worldwide,WP Media,https://remoteok.io/remote-jobs/84795-remote-devops-python-django-saas-developer-wp-media
Remotesome¬†Senior Python Developer verified closedüåè Worldwide,Remotesome,https://remoteok.io/remote-jobs/84524-remote-senior-python-developer-remotesome
Kokoon Technology LtdLead Backend Developer closedüá™üá∫ EU-only,Kokoon Technology Ltd,https://remoteok.io/remote-jobs/84313-remote-lead-backend-developer-remote-kokoon-technology-ltd
PostHogFirst engineer full stack verified closedüåè Worldwide,PostHog,https://remoteok.io/remote-jobs/84205-remote-first-engineer-full-stack-posthog
Drops¬†QA Automation Engineer closedüá™üá∫ EU-only,Drops,https://remoteok.io/remote-jobs/84080-remote-qa-automation-engineer-drops
JetcakeBackend Developer verified closedUnited States or Canada Only,Jetcake,https://remoteok.io/remote-jobs/83559-remote-backend-developer-jetcake
Vizibl¬†Backend Engineer closedüá™üá∫ EU-only,Vizibl,https://remoteok.io/remote-jobs/83539-remote-backend-engineer-vizibl
vidIQSenior Data Engineer closedTimezones: from Utc-2 to Utc+8,vidIQ,https://remoteok.io/remote-jobs/83438-remote-senior-data-engineer-vidiq
OmstarsTech Lead NO LONGER AVAILABLE verified closedüåè Worldwide,Omstars,https://remoteok.io/remote-jobs/83287-remote-tech-lead-no-longer-available-omstars
DoximityPython Automation Engineer verified closedNorth America,Doximity,https://remoteok.io/remote-jobs/83247-remote-python-automation-engineer-doximity
Numbrs Personal Finance AGSecurity Engineer closedüåè Worldwide,Numbrs Personal Finance AG,https://remoteok.io/remote-jobs/83106-remote-security-engineer-remote-numbrs-personal-finance-ag
AtlastixELK Stack Developer verified closedüåè Worldwide,Atlastix,https://remoteok.io/remote-jobs/77164-remote-elk-stack-developer-atlastix
WildfishFull Stack Django Developer verified closedüá™üá∫ EU-only,Wildfish,https://remoteok.io/remote-jobs/77074-remote-full-stack-django-developer-wildfish
REPAYFull Stack Developer verified closedüá∫üá∏ US-only,REPAY,https://remoteok.io/remote-jobs/77035-remote-full-stack-developer-python-repay
DoximitySoftware Engineer Full Stack verified closedNorth America,Doximity,https://remoteok.io/remote-jobs/76493-remote-software-engineer-full-stack-doximity
AstraBackend Engineer verified closedüá∫üá∏ US-only,Astra,https://remoteok.io/remote-jobs/76361-remote-backend-engineer-astra
IterativeSenior Software Engineer verified closedüåè Worldwide,Iterative,https://remoteok.io/remote-jobs/76126-remote-senior-software-engineer-iterative
MVPFDeveloper Senior Developer closedüá™üá∫ EU-only,MVPF,https://remoteok.io/remote-jobs/75960-remote-developer-or-senior-developer-mvpf
GooseChaseFull Stack Web Developer verified closedüåè Worldwide,GooseChase,https://remoteok.io/remote-jobs/75932-remote-full-stack-web-developer-goosechase
Pupil LabsSenior Full Stack Developer verified closedüåè Worldwide,Pupil Labs,https://remoteok.io/remote-jobs/75838-remote-senior-full-stack-developer-pupil-labs
komootSenior Data Analyst verified closedUtc-1 to Utc+3,komoot,https://remoteok.io/remote-jobs/75791-remote-senior-data-analyst-komoot
PolySwarmSenior Full Stack Developer verified closedüåè Worldwide,PolySwarm,https://remoteok.io/remote-jobs/75742-remote-senior-full-stack-developer-polyswarm
CB InsightsSenior Backend Engineer verified closedUnited Sates,CB Insights,https://remoteok.io/remote-jobs/75696-remote-senior-backend-engineer-cb-insights
Specula.ioFull Stack Developer Fully Startup closedüá™üá∫ EU-only,Specula.io,https://remoteok.io/remote-jobs/75688-remote-sr-full-stack-developer-node-vue-typescript-python-sql-elastic-fully-remote-startup-specula-io
PolySwarmSenior Front End Developer verified closedüåè Worldwide,PolySwarm,https://remoteok.io/remote-jobs/75673-remote-senior-front-end-developer-polyswarm
SnowdropSenior Software Engineer verified closedüá™üá∫ EU-only,Snowdrop,https://remoteok.io/remote-jobs/75658-remote-senior-software-engineer-snowdrop
SilviaTerraFull Stack Developer verified closedüá∫üá∏ US-only,SilviaTerra,https://remoteok.io/remote-jobs/75473-remote-full-stack-developer-silviaterra
MageMojoSenior SRE Kubernetes verified closedüåè Worldwide,MageMojo,https://remoteok.io/remote-jobs/75202-remote-senior-sre-kubernetes-magemojo
"ORCID, Inc.Senior DevOps Engineer closedüåè Worldwide","ORCID, Inc.",https://remoteok.io/remote-jobs/75009-remote-senior-devops-engineer-orcid-inc-
DoximitySoftware Engineer Data verified closedNorth America,Doximity,https://remoteok.io/remote-jobs/74936-remote-software-engineer-data-product-integration-doximity
DraftableSenior Full stack Engineer verified closedüåè Worldwide,Draftable,https://remoteok.io/remote-jobs/74601-remote-senior-full-stack-engineer-python-js-draftable
"FraymFull stack Software Engineer verified closedUnited States, Germany",Fraym,https://remoteok.io/remote-jobs/74444-remote-full-stack-software-engineer-fraym
This Land dba Sunday¬†Experienced Python Backend Engineer For Growing Start Up closed,This Land dba Sunday,https://remoteok.io/remote-jobs/101001-remote-experienced-python-backend-engineer-for-growing-start-up-this-land-dba-sunday
PentalogPython Developer closed,Pentalog,https://remoteok.io/remote-jobs/100839-remote-python-developer-pentalog
RavenPack International SLPython Web Developer closed,RavenPack International SL,https://remoteok.io/remote-jobs/100836-remote-python-web-developer-ravenpack-international-sl
CompugainJr Mid React Python Developer closed,Compugain,https://remoteok.io/remote-jobs/100695-remote-jr-mid-react-python-developer-compugain
KinshipPython Engineer closed,Kinship,https://remoteok.io/remote-jobs/100195-remote-python-engineer-kinship
Mako MedicalPython Developer closed,Mako Medical,https://remoteok.io/remote-jobs/99941-remote-python-developer-mako-medical
CMAS Systems¬†Python Developer closedLisbon,CMAS Systems,https://remoteok.io/remote-jobs/99676-remote-python-developer-cmas-systems
Findaway World¬†Senior Python Developer closed,Findaway World,https://remoteok.io/remote-jobs/99575-remote-senior-python-developer-findaway-world
HealthLumenPython C Developer closed,HealthLumen,https://remoteok.io/remote-jobs/99294-remote-python-c-developer-healthlumen
FindawaySenior Python Developer closed,Findaway,https://remoteok.io/remote-jobs/99062-remote-senior-python-developer-findaway
LoadsmartSenior Python Back End Engineer closed,Loadsmart,https://remoteok.io/remote-jobs/98818-remote-senior-python-back-end-engineer-loadsmart
BairesDevPython Developer closed,BairesDev,https://remoteok.io/remote-jobs/98788-remote-python-developer-bairesdev
ClevertechPython Engineer 100 closed,Clevertech,https://remoteok.io/remote-jobs/98682-remote-python-engineer-100-clevertech
TrafileaSR Django Developer closed,Trafilea,https://remoteok.io/remote-jobs/98666-remote-sr-django-developer-trafilea
VerysSenior Software Engineer Python Tornado AWS closed,Verys,https://remoteok.io/remote-jobs/98654-remote-senior-software-engineer-python-tornado-aws-verys
YouGovPython Developer closed,YouGov,https://remoteok.io/remote-jobs/98637-remote-python-developer-yougov
Railroad19Principal Python Software Developer closed,Railroad19,https://remoteok.io/remote-jobs/98621-remote-principal-python-software-developer-railroad19
ShipHeroExperienced Python Developer closed,ShipHero,https://remoteok.io/remote-jobs/98580-remote-experienced-python-developer-shiphero
REPAYSenior Full Stack Python Developer closed,REPAY,https://remoteok.io/remote-jobs/98420-remote-senior-full-stack-python-developer-repay
Adspert BidmanagementSenior Python Developer closed,Adspert Bidmanagement,https://remoteok.io/remote-jobs/98409-remote-senior-python-developer-adspert-bidmanagement
PolicyFlyDjango Python Backend Engineer closed,PolicyFly,https://remoteok.io/remote-jobs/98256-remote-django-python-backend-engineer-policyfly
Packet FabricPython Engineer closed,Packet Fabric,https://remoteok.io/remote-jobs/98181-remote-python-engineer-packet-fabric
AppEvolveExpert Django Developer closed,AppEvolve,https://remoteok.io/remote-jobs/98165-remote-expert-django-developer-appevolve
GorgiasFull Stack Python Engineer closed,Gorgias,https://remoteok.io/remote-jobs/98161-remote-full-stack-python-engineer-gorgias
PeopleDocPython Developer closed,PeopleDoc,https://remoteok.io/remote-jobs/98046-remote-python-developer-peopledoc
HeySummit¬†Full Stack Django Engineer closed,HeySummit,https://remoteok.io/remote-jobs/98031-remote-full-stack-django-engineer-heysummit
FlashpointSenior Python Developer closed,Flashpoint,https://remoteok.io/remote-jobs/97840-remote-senior-python-developer-flashpoint
UCRAFTPython Developer closed,UCRAFT,https://remoteok.io/remote-jobs/97815-remote-python-developer-ucraft
UpstackPython Developer closed,Upstack,https://remoteok.io/remote-jobs/97638-remote-python-developer-upstack
REPAYPython Full Stack Developer closed,REPAY,https://remoteok.io/remote-jobs/97466-remote-python-full-stack-developer-repay
BitedgePython Developer closed,Bitedge,https://remoteok.io/remote-jobs/97419-remote-python-developer-bitedge
BitedgePython Data Engineer closed,Bitedge,https://remoteok.io/remote-jobs/97421-remote-python-data-engineer-bitedge
Source CodersSenior Backend Go Python Engineer closed,Source Coders,https://remoteok.io/remote-jobs/97330-remote-senior-backend-go-python-engineer-source-coders
DjangoForceExpert Django Developer closed,DjangoForce,https://remoteok.io/remote-jobs/97248-remote-expert-django-developer-djangoforce
ClevertechPython Flask Engineer closed,Clevertech,https://remoteok.io/remote-jobs/97228-remote-python-flask-engineer-clevertech
TileDBPython Engineer closed,TileDB,https://remoteok.io/remote-jobs/97224-remote-python-engineer-tiledb
VerysSenior Software Engineer Python closed,Verys,https://remoteok.io/remote-jobs/97215-remote-senior-software-engineer-python-verys
ClevertechPython Data Engineer closed,Clevertech,https://remoteok.io/remote-jobs/97203-remote-python-data-engineer-clevertech
REPAYIntegrations Full Stack Python Developer closed,REPAY,https://remoteok.io/remote-jobs/97110-remote-integrations-full-stack-python-developer-repay
Scalable PathSenior Django Developer closed,Scalable Path,https://remoteok.io/remote-jobs/86775-remote-senior-django-developer-scalable-path
We Are CommonSenior Python Developer closed,We Are Common,https://remoteok.io/remote-jobs/86754-remote-senior-python-developer-we-are-common
AppEvolveJr Python Developer closed,AppEvolve,https://remoteok.io/remote-jobs/86685-remote-jr-python-developer-appevolve
RoutableSenior Software Engineer verified closed,Routable,https://remoteok.io/remote-jobs/86632-remote-senior-software-engineer-python-django-routable
OscatelFull Stack Developer Node.js Python Go Autonomy Flexibility New Team closed,Oscatel,https://remoteok.io/remote-jobs/87096-remote-full-stack-developer-node-js-python-go-autonomy-flexibility-new-team-oscatel
Virtual Pricing DirectorBack End Engineer Node.js Python Go Rust Workflow Management Data Science closed,Virtual Pricing Director,https://remoteok.io/remote-jobs/87331-remote-back-end-engineer-node-js-python-go-rust-workflow-management-data-science-virtual-pricing-director
Sherpany AGSenior Python Django Engineer closed,Sherpany AG,https://remoteok.io/remote-jobs/87074-remote-senior-python-django-engineer-sherpany-ag
BacktracksSenior Python Developer closed,Backtracks,https://remoteok.io/remote-jobs/87344-remote-senior-python-developer-backtracks
"RoutableSenior Backend Engineer verified closedSeattle, WA / Remote",Routable,https://remoteok.io/remote-jobs/86372-remote-senior-backend-engineer-python-django-routable
ScanslatedPython Django Developer closed,Scanslated,https://remoteok.io/remote-jobs/87085-remote-python-django-developer-scanslated
X-TeamSenior Python Developer closed,X-Team,https://remoteok.io/remote-jobs/87002-remote-senior-python-developer-x-team
SeezIndependent Self motivated Python Backend Developer closed,Seez,https://remoteok.io/remote-jobs/85325-remote-independent-self-motivated-python-backend-developer-seez
SurgeSenior Python Developer closed,Surge,https://remoteok.io/remote-jobs/85309-remote-senior-python-developer-surge
Ascent SoftwareUK Based Senior Python Engineer Solve Amazing Problems From Home closedüá¨üáß UK-only,Ascent Software,https://remoteok.io/remote-jobs/85243-remote-uk-based-senior-python-engineer-solve-amazing-problems-from-home-ascent-software
Ascent SoftwareUK Based Python Engineer closedüá¨üáß UK-only,Ascent Software,https://remoteok.io/remote-jobs/85244-remote-uk-based-python-engineer-ascent-software
Skalar SystemsPython Developer m w x closed,Skalar Systems,https://remoteok.io/remote-jobs/85239-remote-python-developer-m-w-x-skalar-systems
Labellevie by DeleevDevOps Avec Des Base En Python closed,Labellevie by Deleev,https://remoteok.io/remote-jobs/85166-remote-devops-avec-des-base-en-python-labellevie-by-deleev
Level Agency¬†Senior Python Developer closed,Level Agency,https://remoteok.io/remote-jobs/84956-remote-senior-python-developer-level-agency
Scalable Path¬†FULL Stack Django Developer Project Leader closed,Scalable Path,https://remoteok.io/remote-jobs/84941-remote-full-stack-django-developer-project-leader-scalable-path
Conducto¬†Strong Generalist Who Is Very Good Python closed,Conducto,https://remoteok.io/remote-jobs/84891-remote-strong-generalist-who-is-very-good-python-conducto
Scalable Path¬†FULL Stack Python closed,Scalable Path,https://remoteok.io/remote-jobs/84400-remote-full-stack-python-scalable-path
SkillValueD√©veloppeur Python C C Mission closed,SkillValue,https://remoteok.io/remote-jobs/84275-remote-developpeur-python-c-c-mission-skillvalue
User Research International¬†Paid Research Study For Students instructors Using Python closed,User Research International,https://remoteok.io/remote-jobs/83913-remote-paid-research-study-for-students-instructors-using-python-user-research-international
ShipHero¬†Senior Python Developer closed,ShipHero,https://remoteok.io/remote-jobs/83869-remote-senior-python-developer-shiphero
Exputec¬†Python Backend Developer closed,Exputec,https://remoteok.io/remote-jobs/83854-remote-python-backend-developer-exputec
Overloop¬†Python Data Engineer closed,Overloop,https://remoteok.io/remote-jobs/83826-remote-python-data-engineer-overloop
Flowcast¬†Senior Python Engineer Fintech closed,Flowcast,https://remoteok.io/remote-jobs/83608-remote-senior-python-engineer-fintech-flowcast
Modus Create¬†Back End Engineer Python closed,Modus Create,https://remoteok.io/remote-jobs/83815-remote-back-end-engineer-python-modus-create
ClevertechPython Data Engineer 100 closed,Clevertech,https://remoteok.io/remote-jobs/83496-remote-python-data-engineer-100-clevertech
SoshacePython closed,Soshace,https://remoteok.io/remote-jobs/83309-remote-python-soshace
ClevertechPython Backend Developer 100 closed,Clevertech,https://remoteok.io/remote-jobs/83231-remote-python-backend-developer-100-clevertech
ClevertechReact Python Developer 100 closed,Clevertech,https://remoteok.io/remote-jobs/83127-remote-react-python-developer-100-clevertech
SoshacePython Back end Developer closed,Soshace,https://remoteok.io/remote-jobs/83097-remote-python-back-end-developer-soshace
Clevertech100% Python React Developer closed,Clevertech,https://remoteok.io/remote-jobs/82984-remote-100-python-react-developer-clevertech
Platform.shPython Go Cloud Engineer closed,Platform.sh,https://remoteok.io/remote-jobs/77340-remote-python-go-cloud-engineer-platform-sh
ReCharge PaymentsAPI Software Engineer Python closed,ReCharge Payments,https://remoteok.io/remote-jobs/77226-remote-api-software-engineer-python-recharge-payments
BackblazeSenior Python Engineer closed,Backblaze,https://remoteok.io/remote-jobs/77089-remote-senior-python-engineer-backblaze
SoshaceFull stack React Django Developer closed,Soshace,https://remoteok.io/remote-jobs/76912-remote-full-stack-react-django-developer-soshace
Platform.shPython Cloud Engineer closed,Platform.sh,https://remoteok.io/remote-jobs/76837-remote-python-cloud-engineer-platform-sh
ReCharge PaymentsSenior Python Engineer closed,ReCharge Payments,https://remoteok.io/remote-jobs/76813-remote-senior-python-engineer-recharge-payments
ReCharge PaymentsSenior Python Engineer Platform closed,ReCharge Payments,https://remoteok.io/remote-jobs/76757-remote-senior-python-engineer-platform-recharge-payments
XOi TechnologiesSenior Python Engineer closed,XOi Technologies,https://remoteok.io/remote-jobs/76692-remote-senior-python-engineer-xoi-technologies
ClevertechPython Data Science closed,Clevertech,https://remoteok.io/remote-jobs/76570-remote-python-data-science-clevertech
Scrapinghub¬†Python Developer closed,Scrapinghub,https://remoteok.io/remote-jobs/76269-remote-python-developer-scrapinghub
Geektastic¬†Code Challenge Reviewer 100% ¬£50 per hour Java JavaScript PHP Python C# Ruby CSS HTML SQL Scala iOS Android verified closed,Geektastic,https://remoteok.io/remote-jobs/76263-remote-code-challenge-reviewer-100-50-per-hour-java-javascript-php-python-c-ruby-css-html-sql-scala-ios-android-geektastic
SoshaceBack end Django Developer closed,Soshace,https://remoteok.io/remote-jobs/76164-remote-back-end-django-developer-soshace
Pivotal Energy SolutionsPermanent Django Developer closed,Pivotal Energy Solutions,https://remoteok.io/remote-jobs/76108-remote-permanent-django-developer-pivotal-energy-solutions
PluralsightBack End Python Developer closed,Pluralsight,https://remoteok.io/remote-jobs/75766-remote-back-end-python-developer-pluralsight
SoshacePython Back end Web Developer closed,Soshace,https://remoteok.io/remote-jobs/75581-remote-python-back-end-web-developer-soshace
SoshaceFull stack Developer With React Django closed,Soshace,https://remoteok.io/remote-jobs/75542-remote-full-stack-developer-with-react-django-soshace
CVEDIASenior Python Developer closed,CVEDIA,https://remoteok.io/remote-jobs/75073-remote-senior-python-developer-cvedia
LabsterPrinciple Python Software Engineer closed,Labster,https://remoteok.io/remote-jobs/74984-remote-principle-python-software-engineer-labster
DomainToolsSenior Python Developer closed,DomainTools,https://remoteok.io/remote-jobs/74941-remote-senior-python-developer-domaintools
ClevertechSenior Python Developer Django Flask closed,Clevertech,https://remoteok.io/remote-jobs/74857-remote-senior-python-developer-django-flask-clevertech
CleanCapitalSenior Python Engineer closed,CleanCapital,https://remoteok.io/remote-jobs/74849-remote-senior-python-engineer-cleancapital
ClevertechQuantitative Developer Python closed,Clevertech,https://remoteok.io/remote-jobs/74388-remote-quantitative-developer-python-clevertech
ElasticCloud Lead Python Engineer closed,Elastic,https://remoteok.io/remote-jobs/74371-remote-cloud-lead-python-engineer-elastic
